timestamp,ch0,ch1
3708453.852,58,599
3708453.852,80,614
3708453.863,80,678
3708453.863,64,693
3708453.866,-13,695
3708453.866,-37,680
3708453.874,-39,616
3708453.874,-21,599
3708453.885,59,600
3708453.885,81,615
3708453.899,82,677
3708453.899,65,694
3708453.901,-12,694
3708453.901,-35,680
3708453.909,-37,616
3708453.909,-19,599
3708453.917,56,598
3708453.917,80,614
3708453.924,83,678
3708453.924,67,695
3708453.931,-11,697
3708453.931,-36,680
3708453.943,-36,616
3708453.943,-20,599
3708453.946,55,599
3708453.946,81,613
3708453.955,82,676
3708453.955,65,695
3708453.964,-14,696
3708453.964,-35,681
3708453.973,-36,616
3708453.973,-20,599
3708453.979,56,599
3708453.979,78,614
3708453.988,80,679
3708453.988,65,696
3708453.997,-12,695
3708453.997,-36,680
3708454.003,-35,616
3708454.003,-20,599
3708454.012,57,599
3708454.012,80,612
3708454.022,81,677
3708454.022,63,695
3708454.026,-13,695
3708454.026,-38,680
3708454.035,-39,616
3708454.035,-23,599
3708454.045,54,600
3708454.045,78,614
3708454.051,80,677
3708454.051,63,694
3708454.06,-13,695
3708454.06,-34,680
3708454.069,-38,616
3708454.069,-22,599
3708454.077,57,599
3708454.077,82,614
3708454.083,82,678
3708454.083,65,695
3708454.091,-12,696
3708454.091,-35,681
3708454.122,-36,617
3708454.122,-20,599
3708454.132,56,599
3708454.132,80,615
3708454.133,82,678
3708454.133,65,696
3708454.134,-13,695
3708454.134,-35,680
3708454.138,-36,617
3708454.138,-19,600
3708454.139,56,600
3708454.139,78,614
3708454.148,81,679
3708454.148,64,696
3708454.157,-12,696
3708454.157,-34,681
3708454.165,-38,617
3708454.165,-21,599
3708454.183,55,600
3708454.183,79,614
3708454.183,81,677
3708454.183,64,695
3708454.186,-14,696
3708454.186,-36,681
3708454.199,-38,617
3708454.199,-20,599
3708454.202,55,600
3708454.202,79,615
3708454.212,80,679
3708454.212,65,696
3708454.221,-13,696
3708454.221,-39,680
3708454.226,-40,616
3708454.226,-21,599
3708454.235,55,600
3708454.235,79,615
3708454.244,81,678
3708454.244,64,695
3708454.253,-12,696
3708454.253,-38,681
3708454.259,-40,616
3708454.259,-20,600
3708454.271,57,600
3708454.271,82,615
3708454.277,81,678
3708454.277,63,695
3708454.283,-13,696
3708454.283,-37,682
3708454.292,-38,618
3708454.292,-19,600
3708454.301,58,600
3708454.301,79,615
3708454.32,78,679
3708454.32,64,696
3708454.32,-13,695
3708454.32,-37,680
3708454.322,-38,617
3708454.322,-21,599
3708454.331,55,600
3708454.331,79,615
3708454.34,81,678
3708454.34,64,696
3708454.346,-13,697
3708454.346,-36,681
3708454.358,-38,618
3708454.358,-21,600
3708454.364,55,598
3708454.364,81,614
3708454.373,78,678
3708454.373,63,696
3708454.38,-13,697
3708454.38,-37,681
3708454.389,-37,617
3708454.389,-22,600
3708454.399,56,599
3708454.399,81,614
3708454.418,80,677
3708454.418,62,695
3708454.431,-14,696
3708454.431,-36,681
3708454.432,-38,616
3708454.432,-20,600
3708454.435,56,600
3708454.435,79,616
3708454.438,81,679
3708454.438,63,696
3708454.445,-13,696
3708454.445,-36,681
3708454.464,-38,617
3708454.464,-22,599
3708454.464,56,598
3708454.464,79,613
3708454.467,79,677
3708454.467,62,695
3708454.476,-14,695
3708454.476,-39,679
3708454.485,-39,616
3708454.485,-22,600
3708454.493,56,599
3708454.493,79,613
3708454.499,79,678
3708454.499,62,696
3708454.508,-15,696
3708454.508,-39,680
3708454.517,-38,617
3708454.517,-22,600
3708454.523,54,599
3708454.523,78,614
3708454.532,79,677
3708454.532,63,695
3708454.541,-13,695
3708454.541,-37,679
3708454.548,-39,616
3708454.548,-20,598
3708454.555,58,599
3708454.555,80,614
3708454.574,81,677
3708454.574,65,694
3708454.574,-12,694
3708454.574,-36,679
3708454.581,-39,615
3708454.581,-27,598
3708454.6,46,597
3708454.6,67,612
3708454.6,64,676
3708454.6,43,693
3708454.602,-38,693
3708454.602,-69,677
3708454.612,-74,613
3708454.612,-60,597
3708454.621,8,597
3708454.621,28,612
3708454.627,24,676
3708454.627,5,693
3708454.636,-77,694
3708454.636,-106,679
3708454.645,-113,616
3708454.645,-99,598
3708454.652,-24,597
3708454.652,-4,613
3708454.659,-10,677
3708454.659,-31,695
3708454.667,-110,696
3708454.667,-135,680
3708454.678,-139,616
3708454.678,-126,598
3708454.684,-53,597
3708454.684,-30,613
3708454.694,-30,677
3708454.694,-49,695
3708454.719,-124,695
3708454.719,-148,679
3708454.731,-150,616
3708454.731,-132,599
3708454.733,-55,599
3708454.733,-32,614
3708454.734,-30,678
3708454.734,-44,694
3708454.736,-123,694
3708454.736,-146,679
3708454.739,-147,616
3708454.739,-130,598
3708454.747,-53,598
3708454.747,-29,613
3708454.755,-28,677
3708454.755,-46,694
3708454.764,-121,695
3708454.764,-146,679
3708454.773,-148,616
3708454.773,-129,599
3708454.779,-53,598
3708454.779,-30,613
3708454.788,-28,676
3708454.788,-45,694
3708454.797,-122,695
3708454.797,-148,680
3708454.803,-147,615
3708454.803,-130,597
3708454.811,-53,598
3708454.811,-29,613
3708454.82,-28,677
3708454.82,-45,694
3708454.83,-123,694
3708454.83,-146,679
3708454.836,-147,616
3708454.836,-130,599
3708454.855,-53,599
3708454.855,-27,615
3708454.855,-28,678
3708454.855,-44,695
3708454.861,-121,694
3708454.861,-147,680
3708454.871,-149,617
3708454.871,-132,600
3708454.875,-59,601
3708454.875,-37,617
3708454.884,-39,680
3708454.884,-56,696
3708454.89,-131,699
3708454.89,-155,684
3708454.899,-157,620
3708454.899,-140,603
3708454.907,-61,603
3708454.907,-38,618
3708454.917,-37,683
3708454.917,-55,699
3708454.923,-130,699
3708454.923,-155,684
3708454.932,-155,619
3708454.932,-139,602
3708454.941,-63,602
3708454.941,-38,617
3708454.952,-38,680
3708454.952,-55,698
3708454.956,-132,698
3708454.956,-154,683
3708454.965,-155,619
3708454.965,-138,602
3708454.974,-61,601
3708454.974,-37,616
3708454.98,-37,680
3708454.98,-53,698
3708454.989,-129,697
3708454.989,-153,682
3708455.015,-154,619
3708455.015,-138,602
3708455.015,-61,601
3708455.015,-39,615
3708455.04,-35,680
3708455.04,-52,697
3708455.049,-129,697
3708455.049,-155,682
3708455.052,-156,619
3708455.052,-139,601
3708455.053,-62,601
3708455.053,-37,616
3708455.054,-38,679
3708455.054,-54,696
3708455.06,-131,696
3708455.06,-155,682
3708455.062,-155,618
3708455.062,-137,600
3708455.068,-60,600
3708455.068,-38,615
3708455.077,-37,678
3708455.077,-54,697
3708455.086,-131,697
3708455.086,-154,682
3708455.093,-156,619
3708455.093,-139,601
3708455.1,-61,601
3708455.1,-38,616
3708455.109,-35,680
3708455.109,-53,698
3708455.12,-129,698
3708455.12,-152,683
3708455.124,-154,620
3708455.124,-135,603
3708455.132,-60,603
3708455.132,-36,617
3708455.151,-34,680
3708455.151,-54,697
3708455.151,-129,697
3708455.151,-152,682
3708455.156,-153,618
3708455.156,-138,599
3708455.165,-61,598
3708455.165,-39,613
3708455.172,-37,677
3708455.172,-53,694
3708455.18,-130,696
3708455.18,-153,680
3708455.194,-156,617
3708455.194,-137,600
3708455.194,-60,600
3708455.194,-37,615
3708455.206,-36,679
3708455.206,-52,696
3708455.213,-128,696
3708455.213,-152,681
3708455.219,-154,617
3708455.219,-138,600
3708455.228,-60,600
3708455.228,-35,615
3708455.237,-35,678
3708455.237,-51,694
3708455.244,-129,695
3708455.244,-155,680
3708455.251,-155,616
3708455.251,-137,599
3708455.27,-60,600
3708455.27,-36,615
3708455.27,-35,677
3708455.27,-52,695
3708455.276,-130,695
3708455.276,-155,681
3708455.286,-156,617
3708455.286,-139,599
3708455.291,-61,599
3708455.291,-38,614
3708455.319,-37,677
3708455.319,-55,695
3708455.333,-129,695
3708455.333,-154,680
3708455.333,-155,616
3708455.333,-137,599
3708455.333,-60,599
3708455.333,-38,613
3708455.334,-36,677
3708455.334,-52,695
3708455.339,-129,698
3708455.339,-153,686
3708455.348,-154,622
3708455.348,-137,605
3708455.356,-62,610
3708455.356,-37,631
3708455.362,-36,699
3708455.362,-55,721
3708455.372,-130,728
3708455.372,-153,718
3708455.383,-155,660
3708455.383,-139,647
3708455.387,-62,649
3708455.387,-38,667
3708455.396,-37,734
3708455.396,-54,754
3708455.41,-131,758
3708455.41,-156,745
3708455.411,-156,683
3708455.411,-138,666
3708455.419,-64,667
3708455.419,-38,683
3708455.427,-38,747
3708455.427,-54,764
3708455.446,-128,765
3708455.446,-154,749
3708455.446,-153,684
3708455.446,-136,665
3708455.453,-59,664
3708455.453,-36,679
3708455.459,-35,743
3708455.459,-50,759
3708455.47,-128,759
3708455.47,-151,744
3708455.477,-149,681
3708455.477,-133,663
3708455.483,-58,663
3708455.483,-34,678
3708455.492,-34,741
3708455.492,-52,758
3708455.501,-129,759
3708455.501,-152,744
3708455.507,-152,680
3708455.507,-138,662
3708455.515,-61,662
3708455.515,-37,678
3708455.523,-35,740
3708455.523,-51,758
3708455.532,-130,758
3708455.532,-151,743
3708455.54,-152,680
3708455.54,-136,662
3708455.551,-59,662
3708455.551,-35,678
3708455.557,-34,741
3708455.557,-51,758
3708455.566,-127,757
3708455.566,-151,742
3708455.572,-151,679
3708455.572,-133,661
3708455.591,-57,661
3708455.591,-34,676
3708455.591,-32,739
3708455.591,-49,757
3708455.596,-127,757
3708455.596,-154,741
3708455.622,-156,678
3708455.622,-138,661
3708455.632,-63,661
3708455.632,-40,676
3708455.633,-39,739
3708455.633,-55,757
3708455.634,-131,757
3708455.634,-155,742
3708455.638,-156,677
3708455.638,-138,660
3708455.644,-61,660
3708455.644,-36,675
3708455.653,-36,739
3708455.653,-52,757
3708455.659,-128,757
3708455.659,-151,741
3708455.668,-150,676
3708455.668,-133,659
3708455.677,-57,660
3708455.677,-36,675
3708455.682,-35,738
3708455.682,-51,756
3708455.691,-127,756
3708455.691,-152,741
3708455.71,-151,677
3708455.71,-133,659
3708455.71,-56,659
3708455.71,-31,675
3708455.716,-31,738
3708455.716,-48,755
3708455.729,-125,755
3708455.729,-150,740
3708455.731,-148,677
3708455.731,-133,659
3708455.743,-59,659
3708455.743,-33,673
3708455.749,-32,736
3708455.749,-49,754
3708455.755,-125,754
3708455.755,-150,739
3708455.764,-150,676
3708455.764,-132,658
3708455.773,-55,658
3708455.773,-34,673
3708455.779,-32,737
3708455.779,-48,754
3708455.787,-124,754
3708455.787,-149,740
3708455.797,-150,676
3708455.797,-133,659
3708455.806,-56,659
3708455.806,-31,673
3708455.812,-32,738
3708455.812,-49,754
3708455.821,-127,755
3708455.821,-149,740
3708455.83,-148,675
3708455.83,-133,659
3708455.836,-57,658
3708455.836,-32,674
3708455.845,-31,738
3708455.845,-48,756
3708455.862,-124,755
3708455.862,-150,741
3708455.862,-150,677
3708455.862,-133,659
3708455.866,-54,658
3708455.866,-31,674
3708455.875,-31,738
3708455.875,-47,755
3708455.884,-123,755
3708455.884,-147,743
3708455.895,-149,680
3708455.895,-132,662
3708455.919,-54,661
3708455.919,-30,679
3708455.932,-28,743
3708455.932,-46,763
3708455.933,-121,764
3708455.933,-148,749
3708455.936,-150,687
3708455.936,-131,670
3708455.938,-54,672
3708455.938,-30,687
3708455.939,-30,751
3708455.939,-49,769
3708455.947,-126,768
3708455.947,-149,754
3708455.955,-152,690
3708455.955,-134,672
3708455.973,-57,671
3708455.973,-33,687
3708455.973,-31,750
3708455.973,-49,766
3708455.978,-126,765
3708455.979,-148,749
3708455.987,-150,685
3708455.987,-134,666
3708455.996,-58,666
3708455.996,-32,680
3708456.005,-30,743
3708456.005,-46,760
3708456.014,-124,759
3708456.014,-147,745
3708456.019,-149,681
3708456.019,-132,663
3708456.029,-55,664
3708456.029,-30,680
3708456.038,-28,742
3708456.038,-49,760
3708456.043,-123,760
3708456.043,-145,746
3708456.052,-146,682
3708456.052,-129,664
3708456.063,-53,663
3708456.063,-30,679
3708456.067,-29,743
3708456.067,-45,759
3708456.077,-121,759
3708456.077,-147,744
3708456.084,-149,680
3708456.084,-130,662
3708456.093,-52,662
3708456.093,-29,678
3708456.098,-28,742
3708456.098,-47,760
3708456.108,-122,760
3708456.108,-145,744
3708456.127,-147,681
3708456.127,-131,665
3708456.127,-54,666
3708456.127,-28,683
3708456.134,-29,745
3708456.134,-44,763
3708456.14,-118,765
3708456.14,-145,749
3708456.15,-147,685
3708456.15,-128,667
3708456.156,-51,666
3708456.156,-28,681
3708456.163,-27,746
3708456.163,-42,762
3708456.171,-120,762
3708456.171,-144,747
3708456.18,-144,683
3708456.18,-128,665
3708456.187,-52,665
3708456.187,-27,680
3708456.195,-27,742
3708456.195,-44,761
3708456.218,-121,762
3708456.218,-144,746
3708456.232,-145,681
3708456.232,-126,664
3708456.233,-47,665
3708456.233,-25,680
3708456.236,-24,743
3708456.236,-43,761
3708456.237,-119,761
3708456.237,-144,747
3708456.243,-145,682
3708456.243,-128,665
3708456.262,-51,665
3708456.262,-27,679
3708456.262,-25,744
3708456.262,-40,760
3708456.266,-119,761
3708456.266,-144,747
3708456.297,-148,684
3708456.297,-130,665
3708456.298,-54,665
3708456.298,-31,681
3708456.299,-32,745
3708456.299,-49,763
3708456.3,-121,762
3708456.3,-146,746
3708456.308,-147,681
3708456.308,-131,664
3708456.319,-53,661
3708456.319,-30,677
3708456.323,-31,739
3708456.323,-46,754
3708456.332,-125,753
3708456.332,-147,738
3708456.341,-149,674
3708456.341,-131,656
3708456.347,-53,655
3708456.347,-30,671
3708456.356,-29,733
3708456.356,-46,748
3708456.365,-123,750
3708456.365,-147,734
3708456.372,-149,671
3708456.372,-131,653
3708456.378,-52,652
3708456.378,-29,666
3708456.387,-29,730
3708456.387,-46,747
3708456.4,-125,747
3708456.4,-148,731
3708456.404,-148,668
3708456.404,-131,651
3708456.412,-52,651
3708456.412,-30,666
3708456.431,-30,729
3708456.431,-46,747
3708456.431,-123,747
3708456.431,-149,732
3708456.436,-149,667
3708456.436,-131,651
3708456.443,-54,651
3708456.443,-31,666
3708456.451,-31,729
3708456.451,-48,745
3708456.46,-124,745
3708456.46,-146,731
3708456.467,-147,667
3708456.467,-132,651
3708456.475,-55,650
3708456.475,-30,665
3708456.487,-30,728
3708456.487,-48,745
3708456.493,-124,746
3708456.493,-148,730
3708456.518,-147,666
3708456.518,-131,650
3708456.532,-54,649
3708456.532,-31,665
3708456.533,-29,728
3708456.533,-46,744
3708456.533,-123,744
3708456.533,-147,729
3708456.536,-148,667
3708456.536,-131,649
3708456.538,-55,648
3708456.538,-31,665
3708456.547,-30,728
3708456.547,-47,746
3708456.557,-122,746
3708456.557,-146,731
3708456.567,-148,667
3708456.567,-130,649
3708456.574,-53,649
3708456.574,-30,662
3708456.58,-29,726
3708456.58,-45,745
3708456.588,-122,745
3708456.588,-146,730
3708456.596,-148,665
3708456.596,-130,648
3708456.603,-54,648
3708456.603,-32,662
3708456.611,-29,725
3708456.612,-46,744
3708456.621,-124,743
3708456.621,-148,727
3708456.626,-149,664
3708456.626,-132,647
3708456.634,-55,646
3708456.634,-33,663
3708456.647,-30,726
3708456.647,-46,743
3708456.653,-124,744
3708456.653,-147,729
3708456.659,-147,665
3708456.659,-131,648
3708456.668,-54,648
3708456.668,-31,663
3708456.687,-30,726
3708456.687,-46,742
3708456.687,-123,743
3708456.687,-147,729
3708456.694,-148,665
3708456.694,-133,648
3708456.7,-55,647
3708456.7,-31,661
3708456.709,-29,725
3708456.709,-46,742
3708456.718,-123,742
3708456.718,-149,727
3708456.723,-149,665
3708456.723,-131,648
3708456.732,-54,647
3708456.732,-30,662
3708456.74,-29,726
3708456.74,-48,743
3708456.747,-124,744
3708456.747,-148,729
3708456.756,-148,665
3708456.756,-131,648
3708456.764,-55,648
3708456.764,-31,663
3708456.773,-29,726
3708456.773,-47,744
3708456.779,-124,744
3708456.779,-149,728
3708456.787,-151,663
3708456.787,-131,646
3708456.797,-55,645
3708456.797,-32,658
3708456.819,-31,724
3708456.819,-49,743
3708456.832,-124,741
3708456.832,-146,727
3708456.834,-147,661
3708456.834,-131,645
3708456.835,-54,644
3708456.835,-30,660
3708456.838,-27,725
3708456.838,-44,742
3708456.845,-122,742
3708456.845,-145,727
3708456.851,-149,663
3708456.851,-132,645
3708456.872,-54,645
3708456.872,-30,660
3708456.872,-29,723
3708456.872,-46,742
3708456.878,-125,742
3708456.878,-148,727
3708456.884,-147,664
3708456.884,-130,646
3708456.892,-53,645
3708456.892,-30,660
3708456.903,-27,723
3708456.903,-45,741
3708456.907,-124,742
3708456.907,-146,727
3708456.916,-146,662
3708456.916,-129,646
3708456.923,-51,645
3708456.923,-28,660
3708456.933,-27,724
3708456.933,-45,740
3708456.938,-122,741
3708456.938,-146,726
3708456.948,-148,662
3708456.948,-129,645
3708456.967,-53,644
3708456.967,-29,659
3708456.967,-30,723
3708456.967,-47,741
3708456.974,-122,741
3708456.974,-146,725
3708456.979,-149,662
3708456.979,-133,646
3708456.99,-58,645
3708456.99,-28,660
3708456.996,-26,723
3708456.996,-39,739
3708457.003,-113,739
3708457.003,-131,725
3708457.013,-129,661
3708457.013,-110,644
3708457.031,-30,643
3708457.031,-6,655
3708457.031,0,715
3708457.031,-12,731
3708457.037,-87,729
3708457.037,-106,712
3708457.043,-104,646
3708457.043,-84,626
3708457.052,-2,623
3708457.052,24,635
3708457.06,28,697
3708457.06,15,714
3708457.067,-58,711
3708457.067,-80,693
3708457.078,-76,627
3708457.078,-58,608
3708457.084,15,606
3708457.084,40,620
3708457.093,43,683
3708457.093,25,701
3708457.119,-52,700
3708457.119,-75,686
3708457.132,-76,623
3708457.132,-59,606
3708457.134,17,606
3708457.134,42,620
3708457.135,43,685
3708457.135,25,702
3708457.136,-51,702
3708457.136,-75,688
3708457.139,-78,625
3708457.139,-58,608
3708457.146,19,607
3708457.146,42,621
3708457.158,43,685
3708457.158,26,703
3708457.164,-49,703
3708457.164,-73,688
3708457.173,-75,624
3708457.173,-60,607
3708457.179,17,606
3708457.179,41,622
3708457.188,42,685
3708457.188,28,703
3708457.197,-44,702
3708457.197,-66,687
3708457.203,-65,623
3708457.203,-44,605
3708457.212,38,606
3708457.212,67,620
3708457.221,72,681
3708457.221,60,697
3708457.229,-11,697
3708457.229,-32,682
3708457.233,-29,618
3708457.233,-9,601
3708457.247,75,601
3708457.247,106,615
3708457.253,110,679
3708457.253,95,697
3708457.26,23,699
3708457.26,3,684
3708457.268,8,620
3708457.268,27,603
3708457.286,106,603
3708457.286,135,617
3708457.286,141,680
3708457.286,125,698
3708457.292,49,697
3708457.292,28,682
3708457.299,29,617
3708457.299,44,600
3708457.308,121,600
3708457.308,144,615
3708457.318,147,678
3708457.318,130,697
3708457.324,52,696
3708457.324,29,681
3708457.333,29,617
3708457.333,46,601
3708457.342,122,601
3708457.342,145,615
3708457.348,148,679
3708457.348,130,697
3708457.356,52,698
3708457.356,30,682
3708457.364,29,618
3708457.364,43,601
3708457.373,120,601
3708457.373,144,616
3708457.38,145,679
3708457.38,129,697
3708457.388,51,697
3708457.388,29,681
3708457.419,27,617
3708457.419,44,600
3708457.419,121,599
3708457.419,145,615
3708457.431,145,678
3708457.431,129,695
3708457.433,53,695
3708457.433,29,681
3708457.434,29,617
3708457.434,45,600
3708457.436,121,599
3708457.436,147,614
3708457.443,145,678
3708457.443,128,696
3708457.451,51,696
3708457.451,27,680
3708457.46,28,617
3708457.46,45,600
3708457.467,120,599
3708457.467,143,614
3708457.475,146,677
3708457.475,128,694
3708457.484,50,697
3708457.484,29,681
3708457.496,30,613
3708457.496,43,596
3708457.499,118,596
3708457.499,145,610
3708457.508,144,673
3708457.508,129,690
3708457.522,53,690
3708457.522,28,675
3708457.525,26,611
3708457.525,43,595
3708457.532,119,595
3708457.532,144,610
3708457.551,149,673
3708457.551,133,690
3708457.551,59,691
3708457.551,38,676
3708457.575,41,612
3708457.575,63,595
3708457.577,144,595
3708457.577,170,609
3708457.578,173,673
3708457.578,162,690
3708457.58,88,690
3708457.58,66,675
3708457.588,67,611
3708457.588,88,594
3708457.597,167,594
3708457.597,191,609
3708457.603,193,673
3708457.603,174,690
3708457.612,98,690
3708457.612,74,675
3708457.621,73,613
3708457.621,90,596
3708457.627,167,595
3708457.627,191,610
3708457.636,191,673
3708457.636,174,691
3708457.643,97,691
3708457.643,74,677
3708457.653,73,613
3708457.653,90,594
3708457.66,168,595
3708457.66,191,610
3708457.668,192,673
3708457.668,176,690
3708457.687,97,691
3708457.687,73,675
3708457.687,73,612
3708457.687,92,595
3708457.694,168,595
3708457.694,191,610
3708457.723,191,673
3708457.723,174,691
3708457.733,96,691
3708457.733,73,676
3708457.734,74,612
3708457.734,91,595
3708457.735,167,595
3708457.735,189,609
3708457.736,191,673
3708457.736,175,691
3708457.739,98,690
3708457.739,73,675
3708457.749,72,611
3708457.749,92,594
3708457.755,168,593
3708457.755,191,609
3708457.764,192,673
3708457.764,178,689
3708457.772,101,689
3708457.772,78,675
3708457.779,79,611
3708457.779,98,593
3708457.788,177,594
3708457.788,202,610
3708457.797,204,673
3708457.797,187,690
3708457.804,111,691
3708457.804,88,677
3708457.812,86,613
3708457.812,103,595
3708457.825,180,595
3708457.825,204,609
3708457.828,206,674
3708457.828,189,692
3708457.844,112,692
3708457.844,86,676
3708457.845,86,613
3708457.845,104,597
3708457.864,179,597
3708457.864,203,611
3708457.864,205,673
3708457.864,186,691
3708457.868,109,692
3708457.868,85,677
3708457.886,85,616
3708457.886,104,599
3708457.886,175,596
3708457.886,200,611
3708457.891,203,675
3708457.891,184,692
3708457.9,106,692
3708457.9,85,675
3708457.907,83,613
3708457.907,101,594
3708457.915,178,595
3708457.915,201,610
3708457.934,201,674
3708457.934,185,691
3708457.934,109,691
3708457.934,83,675
3708457.938,82,611
3708457.938,99,593
3708457.948,175,592
3708457.948,199,607
3708457.967,201,670
3708457.967,183,688
3708457.967,108,688
3708457.967,83,674
3708457.973,80,610
3708457.973,97,593
3708457.979,173,592
3708457.979,197,606
3708457.987,198,670
3708457.987,181,686
3708457.996,105,687
3708457.996,81,672
3708458.018,80,608
3708458.018,100,590
3708458.032,176,589
3708458.032,198,604
3708458.034,198,669
3708458.034,182,686
3708458.036,107,687
3708458.036,81,671
3708458.036,80,608
3708458.036,98,591
3708458.044,172,590
3708458.044,197,606
3708458.053,201,669
3708458.053,182,686
3708458.059,104,686
3708458.059,79,670
3708458.068,79,607
3708458.068,97,590
3708458.076,173,590
3708458.076,197,605
3708458.082,199,668
3708458.082,183,686
3708458.092,105,686
3708458.092,80,670
3708458.103,81,607
3708458.103,97,591
3708458.107,173,590
3708458.107,197,605
3708458.116,199,669
3708458.116,181,687
3708458.125,105,686
3708458.125,79,671
3708458.144,80,607
3708458.144,97,590
3708458.144,174,590
3708458.144,198,605
3708458.146,196,669
3708458.146,179,685
3708458.155,104,686
3708458.155,80,671
3708458.164,79,607
3708458.164,96,589
3708458.173,172,588
3708458.173,196,603
3708458.179,198,668
3708458.179,181,685
3708458.19,102,684
3708458.19,81,668
3708458.195,80,604
3708458.195,97,587
3708458.203,173,586
3708458.203,197,602
3708458.212,198,665
3708458.212,181,682
3708458.221,105,682
3708458.221,79,668
3708458.229,81,605
3708458.229,97,586
3708458.236,173,585
3708458.236,196,601
3708458.244,199,665
3708458.244,180,683
3708458.263,104,683
3708458.263,80,668
3708458.263,80,604
3708458.263,95,585
3708458.267,173,585
3708458.267,198,600
3708458.278,198,664
3708458.278,181,682
3708458.285,105,683
3708458.285,82,668
3708458.29,79,604
3708458.29,97,586
3708458.317,175,586
3708458.317,199,601
3708458.332,201,666
3708458.332,186,683
3708458.334,111,683
3708458.334,88,668
3708458.335,88,604
3708458.335,107,587
3708458.337,183,586
3708458.337,208,602
3708458.34,209,665
3708458.34,192,681
3708458.348,116,682
3708458.348,92,668
3708458.357,91,603
3708458.357,108,586
3708458.364,182,587
3708458.364,206,602
3708458.378,208,666
3708458.378,192,682
3708458.381,115,682
3708458.381,89,668
3708458.388,87,604
3708458.388,105,586
3708458.407,185,586
3708458.407,207,600
3708458.407,209,664
3708458.407,193,682
3708458.413,113,683
3708458.413,90,667
3708458.42,91,603
3708458.42,106,587
3708458.428,183,586
3708458.428,207,600
3708458.437,208,664
3708458.437,191,681
3708458.444,114,682
3708458.444,90,666
3708458.452,89,603
3708458.452,107,585
3708458.461,182,585
3708458.461,207,599
3708458.468,207,663
3708458.468,189,681
3708458.476,113,682
3708458.476,88,667
3708458.484,88,603
3708458.484,106,584
3708458.493,182,585
3708458.493,206,601
3708458.499,208,664
3708458.499,189,681
3708458.509,113,681
3708458.509,89,664
3708458.527,89,601
3708458.527,106,585
3708458.527,180,585
3708458.527,204,601
3708458.532,204,664
3708458.532,189,681
3708458.54,113,680
3708458.54,89,665
3708458.549,87,603
3708458.549,104,586
3708458.566,180,585
3708458.566,207,600
3708458.566,207,663
3708458.566,191,680
3708458.572,116,680
3708458.572,94,666
3708458.579,93,602
3708458.579,112,585
3708458.589,189,585
3708458.589,213,600
3708458.597,214,663
3708458.597,197,681
3708458.619,120,681
3708458.619,97,665
3708458.633,98,602
3708458.633,114,584
3708458.634,189,584
3708458.634,213,600
3708458.637,214,664
3708458.637,197,682
3708458.637,123,680
3708458.637,98,665
3708458.644,96,602
3708458.644,114,585
3708458.663,193,584
3708458.663,214,599
3708458.663,212,664
3708458.663,197,681
3708458.667,124,682
3708458.667,97,667
3708458.675,97,604
3708458.675,115,587
3708458.684,192,587
3708458.684,215,601
3708458.703,216,665
3708458.703,200,681
3708458.703,121,681
3708458.703,97,666
3708458.707,98,604
3708458.707,114,586
3708458.716,191,585
3708458.716,215,601
3708458.725,217,664
3708458.725,202,682
3708458.733,125,682
3708458.733,102,667
3708458.738,101,604
3708458.738,117,586
3708458.747,192,586
3708458.747,216,600
3708458.756,218,664
3708458.756,199,682
3708458.762,122,682
3708458.762,98,667
3708458.772,98,604
3708458.772,116,586
3708458.781,192,586
3708458.781,216,601
3708458.79,217,664
3708458.79,199,682
3708458.795,123,681
3708458.795,99,667
3708458.806,96,603
3708458.806,116,586
3708458.813,194,585
3708458.813,215,600
3708458.819,215,664
3708458.819,198,682
3708458.828,123,682
3708458.828,99,667
3708458.855,96,604
3708458.855,113,586
3708458.855,190,586
3708458.855,214,601
3708458.858,214,664
3708458.858,199,682
3708458.861,121,682
3708458.861,99,666
3708458.867,99,602
3708458.867,115,586
3708458.875,192,586
3708458.875,217,601
3708458.887,216,664
3708458.887,201,682
3708458.894,124,682
3708458.894,101,667
3708458.922,100,604
3708458.922,116,586
3708458.931,193,586
3708458.931,218,602
3708458.933,219,665
3708458.933,202,682
3708458.934,128,682
3708458.934,105,667
3708458.938,101,603
3708458.938,113,586
3708458.939,187,586
3708458.939,211,600
3708458.948,209,664
3708458.948,191,682
3708458.955,116,681
3708458.955,93,667
3708458.967,92,603
3708458.967,108,585
3708458.973,182,585
3708458.973,206,600
3708458.979,209,663
3708458.979,191,681
3708458.988,114,681
3708458.988,91,666
3708458.997,90,603
3708458.997,107,586
3708459.003,184,585
3708459.003,208,600
3708459.012,210,664
3708459.012,190,682
3708459.021,117,681
3708459.021,92,667
3708459.027,92,605
3708459.027,108,588
3708459.036,186,588
3708459.036,208,605
3708459.047,208,671
3708459.047,194,689
3708459.053,118,692
3708459.053,91,680
3708459.06,91,621
3708459.06,108,607
3708459.067,184,610
3708459.067,209,627
3708459.087,209,693
3708459.087,192,712
3708459.087,115,713
3708459.087,90,699
3708459.092,90,634
3708459.092,107,616
3708459.099,184,616
3708459.099,209,631
3708459.108,211,694
3708459.108,193,711
3708459.128,116,711
3708459.128,92,696
3708459.128,91,633
3708459.128,107,616
3708459.133,185,615
3708459.133,210,630
3708459.139,212,693
3708459.139,192,711
3708459.148,116,711
3708459.148,93,696
3708459.157,90,633
3708459.157,108,616
3708459.163,185,615
3708459.163,210,630
3708459.172,210,693
3708459.172,195,710
3708459.181,118,710
3708459.181,94,696
3708459.187,93,632
3708459.187,110,615
3708459.195,185,617
3708459.195,206,634
3708459.217,204,696
3708459.217,187,717
3708459.232,111,721
3708459.232,87,710
3708459.233,86,649
3708459.233,102,634
3708459.236,181,636
3708459.236,204,652
3708459.237,205,716
3708459.237,187,732
3708459.245,110,731
3708459.245,87,714
3708459.263,86,651
3708459.263,103,634
3708459.263,180,633
3708459.263,204,647
3708459.266,206,711
3708459.266,188,728
3708459.275,111,729
3708459.275,87,714
3708459.285,86,649
3708459.285,102,631
3708459.29,180,631
3708459.29,204,646
3708459.299,204,711
3708459.299,188,728
3708459.311,111,727
3708459.311,86,711
3708459.317,87,648
3708459.317,106,631
3708459.323,181,630
3708459.323,206,645
3708459.332,207,708
3708459.332,190,724
3708459.341,112,725
3708459.341,88,710
3708459.35,89,646
3708459.35,105,628
3708459.355,180,628
3708459.355,204,643
3708459.374,206,707
3708459.374,188,723
3708459.374,111,724
3708459.374,87,709
3708459.38,86,646
3708459.38,104,629
3708459.399,180,629
3708459.399,202,643
3708459.399,205,706
3708459.399,186,723
3708459.403,112,723
3708459.403,87,708
3708459.409,87,643
3708459.409,104,627
3708459.419,179,626
3708459.419,203,641
3708459.429,204,705
3708459.429,187,721
3708459.438,110,722
3708459.438,87,707
3708459.443,87,644
3708459.443,103,627
3708459.452,179,626
3708459.452,202,641
3708459.461,206,704
3708459.461,188,722
3708459.466,110,722
3708459.466,86,707
3708459.475,85,644
3708459.475,103,626
3708459.484,181,627
3708459.484,204,641
3708459.494,205,704
3708459.494,189,722
3708459.519,111,722
3708459.519,86,706
3708459.531,86,643
3708459.531,103,626
3708459.533,180,626
3708459.533,204,641
3708459.534,204,704
3708459.534,188,721
3708459.536,111,721
3708459.536,86,707
3708459.539,86,643
3708459.539,103,624
3708459.548,180,625
3708459.548,202,640
3708459.556,203,703
3708459.556,187,723
3708459.567,112,723
3708459.567,88,707
3708459.573,87,643
3708459.573,104,626
3708459.579,180,626
3708459.579,203,640
3708459.588,205,704
3708459.588,189,720
3708459.597,111,721
3708459.597,87,706
3708459.603,86,642
3708459.603,103,624
3708459.612,180,625
3708459.612,202,640
3708459.621,204,703
3708459.621,189,720
3708459.63,112,720
3708459.63,87,705
3708459.635,86,642
3708459.635,102,624
3708459.654,180,624
3708459.654,203,639
3708459.654,204,702
3708459.654,187,720
3708459.661,111,720
3708459.661,86,705
3708459.68,85,643
3708459.68,103,625
3708459.68,181,625
3708459.68,205,641
3708459.684,206,704
3708459.684,189,721
3708459.692,111,721
3708459.692,87,706
3708459.7,87,642
3708459.7,103,625
3708459.706,181,623
3708459.706,203,638
3708459.715,205,702
3708459.715,187,720
3708459.725,110,721
3708459.725,85,705
3708459.734,85,642
3708459.734,103,625
3708459.74,179,624
3708459.74,204,640
3708459.749,204,704
3708459.749,188,720
3708459.756,112,720
3708459.756,87,706
3708459.763,86,643
3708459.763,104,625
3708459.772,181,624
3708459.772,203,639
3708459.79,205,703
3708459.79,187,721
3708459.79,111,723
3708459.79,86,710
3708459.797,85,647
3708459.797,106,630
3708459.819,180,633
3708459.819,203,653
3708459.832,205,722
3708459.832,187,745
3708459.833,112,748
3708459.833,87,738
3708459.836,87,677
3708459.836,104,663
3708459.837,181,664
3708459.837,205,682
3708459.845,205,749
3708459.845,187,766
3708459.85,111,768
3708459.85,86,751
3708459.859,85,688
3708459.859,103,670
3708459.868,179,668
3708459.868,203,681
3708459.877,204,743
3708459.877,187,758
3708459.884,110,756
3708459.884,86,740
3708459.891,88,676
3708459.891,104,659
3708459.9,179,658
3708459.9,204,672
3708459.916,205,735
3708459.916,188,752
3708459.916,112,753
3708459.916,88,737
3708459.935,87,672
3708459.935,102,656
3708459.935,180,656
3708459.935,204,671
3708459.941,204,734
3708459.941,188,752
3708459.959,111,753
3708459.959,88,738
3708459.959,88,673
3708459.959,103,656
3708459.963,180,656
3708459.963,207,672
3708459.972,203,735
3708459.972,179,752
3708459.98,100,753
3708459.98,71,738
3708459.987,62,674
3708459.987,75,657
3708459.994,145,657
3708459.994,162,672
3708460.006,157,735
3708460.006,135,753
3708460.013,52,753
3708460.013,20,738
3708460.02,15,675
3708460.02,26,657
3708460.029,97,656
3708460.029,115,672
3708460.037,109,736
3708460.037,87,753
3708460.044,6,754
3708460.044,-23,738
3708460.053,-27,675
3708460.053,-13,658
3708460.071,63,658
3708460.071,87,672
3708460.071,88,737
3708460.071,70,754
3708460.078,-6,754
3708460.078,-31,738
3708460.083,-31,674
3708460.083,-13,658
3708460.095,62,658
3708460.095,85,674
3708460.118,88,738
3708460.118,72,754
3708460.142,-6,755
3708460.142,-31,740
3708460.156,-32,677
3708460.156,-16,659
3708460.157,61,658
3708460.157,84,673
3708460.16,86,736
3708460.16,70,754
3708460.162,-9,755
3708460.162,-34,740
3708460.166,-34,675
3708460.166,-16,657
3708460.166,60,658
3708460.166,84,674
3708460.169,85,737
3708460.169,66,755
3708460.17,-12,755
3708460.17,-32,739
3708460.181,-33,676
3708460.181,-17,659
3708460.19,61,658
3708460.19,85,674
3708460.196,86,737
3708460.196,67,755
3708460.214,-8,755
3708460.214,-32,740
3708460.214,-34,676
3708460.214,-17,659
3708460.22,61,659
3708460.221,86,673
3708460.239,85,736
3708460.239,68,754
3708460.239,-8,755
3708460.239,-34,739
3708460.243,-35,677
3708460.243,-19,660
3708460.252,58,660
3708460.252,85,675
3708460.261,83,738
3708460.261,65,756
3708460.266,-9,756
3708460.266,-32,741
3708460.277,-33,677
3708460.277,-15,660
3708460.284,60,659
3708460.284,84,674
3708460.294,86,738
3708460.294,66,756
3708460.3,-11,755
3708460.3,-30,739
3708460.308,-30,675
3708460.308,-15,658
3708460.316,61,659
3708460.316,85,673
3708460.323,86,736
3708460.323,69,754
3708460.332,-7,755
3708460.332,-30,739
3708460.34,-33,675
3708460.34,-17,660
3708460.349,61,658
3708460.349,85,674
3708460.354,86,738
3708460.354,69,755
3708460.368,-6,755
3708460.368,-32,741
3708460.374,-33,677
3708460.374,-15,660
3708460.379,62,660
3708460.379,84,674
3708460.388,86,737
3708460.388,69,755
3708460.397,-8,757
3708460.397,-31,742
3708460.422,-32,677
3708460.422,-14,658
3708460.431,61,660
3708460.431,84,675
3708460.432,86,739
3708460.432,70,755
3708460.435,-7,757
3708460.435,-31,742
3708460.437,-33,677
3708460.437,-15,660
3708460.444,62,658
3708460.444,87,672
3708460.453,86,736
3708460.453,71,753
3708460.461,-5,752
3708460.461,-30,737
3708460.469,-33,673
3708460.469,-16,654
3708460.475,62,652
3708460.475,85,667
3708460.494,87,729
3708460.494,70,746
3708460.494,-7,745
3708460.494,-33,730
3708460.501,-33,664
3708460.501,-15,648
3708460.52,62,647
3708460.52,85,660
3708460.52,86,724
3708460.52,70,742
3708460.522,-9,743
3708460.522,-33,726
3708460.534,-31,662
3708460.534,-15,644
3708460.54,62,644
3708460.54,86,658
3708460.547,88,720
3708460.547,70,739
3708460.556,-7,739
3708460.556,-31,724
3708460.565,-32,662
3708460.565,-15,644
3708460.573,61,643
3708460.573,85,658
3708460.579,86,721
3708460.579,70,739
3708460.588,-7,739
3708460.588,-32,723
3708460.597,-32,660
3708460.597,-14,643
3708460.603,61,642
3708460.603,84,658
3708460.615,87,721
3708460.615,70,738
3708460.622,-7,738
3708460.622,-33,724
3708460.629,-32,661
3708460.629,-16,643
3708460.635,61,642
3708460.635,85,657
3708460.644,87,720
3708460.644,68,738
3708460.663,-8,739
3708460.663,-31,724
3708460.663,-32,660
3708460.663,-14,642
3708460.667,62,642
3708460.667,85,657
3708460.675,85,721
3708460.675,68,739
3708460.684,-8,739
3708460.684,-31,724
3708460.691,-33,660
3708460.691,-17,643
3708460.718,59,642
3708460.718,84,657
3708460.732,85,720
3708460.732,68,738
3708460.733,-8,738
3708460.733,-32,722
3708460.734,-34,659
3708460.734,-16,642
3708460.737,62,642
3708460.737,84,656
3708460.738,86,719
3708460.738,69,737
3708460.748,-8,737
3708460.748,-31,722
3708460.757,-32,659
3708460.757,-16,642
3708460.765,61,641
3708460.765,84,655
3708460.782,85,719
3708460.782,70,736
3708460.782,-7,736
3708460.782,-31,722
3708460.786,-32,658
3708460.786,-15,642
3708460.8,61,641
3708460.8,85,657
3708460.803,87,721
3708460.803,70,738
3708460.812,-7,738
3708460.812,-30,722
3708460.82,-31,657
3708460.82,-15,640
3708460.826,62,640
3708460.826,86,655
3708460.835,87,718
3708460.835,70,735
3708460.844,-7,735
3708460.844,-32,721
3708460.853,-33,657
3708460.853,-16,639
3708460.859,63,639
3708460.859,86,655
3708460.869,86,718
3708460.869,69,735
3708460.877,-6,736
3708460.877,-31,720
3708460.882,-32,657
3708460.882,-15,640
3708460.891,62,640
3708460.891,86,655
3708460.901,87,719
3708460.901,70,736
3708460.91,-7,736
3708460.91,-29,721
3708460.916,-28,657
3708460.916,-13,641
3708460.935,62,640
3708460.935,87,654
3708460.935,89,717
3708460.935,70,735
3708460.94,-7,736
3708460.94,-32,721
3708460.959,-31,657
3708460.959,-15,640
3708460.959,61,640
3708460.959,85,654
3708460.963,85,718
3708460.963,67,736
3708460.971,-6,736
3708460.971,-30,721
3708460.978,-30,658
3708460.978,-13,639
3708460.988,62,638
3708460.988,87,652
3708460.997,88,716
3708460.997,71,732
3708461.019,-6,730
3708461.019,-30,712
3708461.032,-31,647
3708461.032,-14,628
3708461.034,63,625
3708461.034,88,638
3708461.036,89,700
3708461.036,69,716
3708461.039,-6,714
3708461.039,-30,696
3708461.044,-32,631
3708461.044,-16,612
3708461.053,62,610
3708461.053,87,624
3708461.072,88,687
3708461.072,69,701
3708461.072,-8,700
3708461.072,-30,683
3708461.077,-30,618
3708461.077,-14,599
3708461.085,63,598
3708461.085,86,612
3708461.092,88,675
3708461.092,69,691
3708461.111,-6,691
3708461.111,-30,676
3708461.111,-31,612
3708461.111,-15,595
3708461.116,62,595
3708461.116,86,610
3708461.122,88,673
3708461.122,71,692
3708461.132,-6,692
3708461.132,-29,677
3708461.143,-30,613
3708461.143,-15,596
3708461.147,62,595
3708461.147,84,611
3708461.155,87,675
3708461.155,71,692
3708461.164,-5,692
3708461.164,-30,677
3708461.172,-32,614
3708461.172,-12,596
3708461.179,67,596
3708461.179,88,611
3708461.189,89,675
3708461.189,74,692
3708461.202,-5,692
3708461.202,-29,677
3708461.205,-31,614
3708461.205,-14,597
3708461.211,62,597
3708461.211,86,612
3708461.223,86,675
3708461.223,68,693
3708461.229,-10,692
3708461.229,-35,677
3708461.235,-36,615
3708461.235,-20,597
3708461.244,56,597
3708461.244,79,612
3708461.25,83,675
3708461.25,66,693
3708461.26,-12,694
3708461.26,-34,679
3708461.268,-38,615
3708461.268,-21,596
3708461.277,56,597
3708461.277,80,613
3708461.283,79,674
3708461.283,63,689
3708461.292,-14,689
3708461.292,-38,673
3708461.322,-39,609
3708461.322,-21,592
3708461.332,55,592
3708461.332,80,608
3708461.334,82,669
3708461.334,63,687
3708461.334,-13,688
3708461.334,-36,672
3708461.337,-37,609
3708461.337,-19,591
3708461.34,56,591
3708461.34,80,606
3708461.346,83,669
3708461.346,65,687
3708461.357,-13,687
3708461.357,-38,672
3708461.364,-40,609
3708461.364,-22,592
3708461.383,55,592
3708461.383,79,606
3708461.383,80,670
3708461.383,63,687
3708461.387,-13,687
3708461.387,-36,672
3708461.417,-38,609
3708461.417,-22,592
3708461.42,54,591
3708461.42,79,606
3708461.421,80,670
3708461.421,62,687
3708461.423,-13,688
3708461.423,-37,672
3708461.426,-40,609
3708461.426,-23,591
3708461.435,55,591
3708461.435,79,606
3708461.444,79,670
3708461.444,62,687
3708461.453,-14,688
3708461.453,-36,672
3708461.459,-38,610
3708461.459,-22,592
3708461.47,55,591
3708461.47,78,606
3708461.477,80,669
3708461.477,63,687
3708461.483,-15,688
3708461.483,-39,673
3708461.501,-38,608
3708461.501,-22,592
3708461.501,55,591
3708461.501,78,607
3708461.519,79,671
3708461.519,62,688
3708461.519,-15,688
3708461.519,-39,673
3708461.523,-39,609
3708461.523,-23,591
3708461.532,55,591
3708461.532,78,606
3708461.541,80,669
3708461.541,62,687
3708461.548,-16,687
3708461.548,-37,672
3708461.558,-37,609
3708461.558,-21,592
3708461.565,56,594
3708461.565,79,608
3708461.572,79,669
3708461.572,64,686
3708461.579,-13,686
3708461.579,-38,671
3708461.589,-39,609
3708461.589,-20,591
3708461.597,56,590
3708461.597,79,606
3708461.619,82,670
3708461.619,65,688
3708461.633,-12,688
3708461.633,-36,672
3708461.634,-37,608
3708461.634,-19,590
3708461.635,57,590
3708461.635,81,605
3708461.638,81,667
3708461.638,63,685
3708461.644,-14,685
3708461.644,-37,670
3708461.653,-39,606
3708461.653,-22,588
3708461.659,55,588
3708461.659,78,603
3708461.668,78,666
3708461.668,61,684
3708461.676,-12,683
3708461.676,-37,668
3708461.683,-38,604
3708461.683,-21,587
3708461.691,56,587
3708461.691,80,602
3708461.701,82,664
3708461.701,65,682
3708461.707,-13,683
3708461.707,-37,668
3708461.719,-38,604
3708461.719,-21,587
3708461.725,56,587
3708461.725,79,602
3708461.734,81,666
3708461.734,64,682
3708461.739,-12,682
3708461.739,-36,667
3708461.748,-39,603
3708461.748,-22,585
3708461.767,55,585
3708461.767,78,601
3708461.767,78,664
3708461.767,63,681
3708461.771,-15,681
3708461.771,-39,666
3708461.778,-39,603
3708461.778,-23,586
3708461.787,52,585
3708461.787,77,600
3708461.807,80,664
3708461.807,64,681
3708461.807,-14,680
3708461.807,-37,666
3708461.811,-40,603
3708461.811,-24,587
3708461.824,52,586
3708461.824,78,600
3708461.827,83,665
3708461.827,71,683
3708461.835,-4,683
3708461.835,-25,668
3708461.844,-20,604
3708461.844,2,586
3708461.853,82,586
3708461.853,112,601
3708461.859,120,665
3708461.859,105,681
3708461.869,32,681
3708461.869,14,667
3708461.877,17,604
3708461.877,36,586
3708461.883,118,586
3708461.883,146,602
3708461.894,147,666
3708461.894,134,683
3708461.918,61,683
3708461.918,40,667
3708461.932,42,604
3708461.932,62,587
3708461.932,141,586
3708461.932,167,601
3708461.935,171,664
3708461.935,156,681
3708461.937,83,681
3708461.937,60,666
3708461.94,59,602
3708461.94,79,586
3708461.948,158,586
3708461.948,183,601
3708461.956,187,665
3708461.956,173,681
3708461.965,94,682
3708461.965,73,667
3708461.975,73,603
3708461.975,91,587
3708461.979,172,586
3708461.979,196,601
3708461.988,197,664
3708461.988,184,682
3708461.997,107,682
3708461.997,83,668
3708462.003,81,604
3708462.003,98,586
3708462.012,176,587
3708462.012,200,602
3708462.022,202,665
3708462.022,184,682
3708462.031,106,682
3708462.031,83,667
3708462.036,82,604
3708462.036,102,586
3708462.055,178,586
3708462.055,200,602
3708462.06,200,665
3708462.06,181,682
3708462.06,105,682
3708462.06,83,667
3708462.066,83,604
3708462.066,100,587
3708462.075,175,586
3708462.075,200,602
3708462.084,203,666
3708462.084,182,682
3708462.091,105,682
3708462.091,81,667
3708462.1,82,604
3708462.1,99,587
3708462.118,174,587
3708462.118,200,601
3708462.118,200,665
3708462.118,184,682
3708462.123,105,683
3708462.123,82,668
3708462.132,81,605
3708462.132,97,588
3708462.143,176,587
3708462.143,201,602
3708462.147,201,665
3708462.147,183,683
3708462.156,107,684
3708462.156,81,668
3708462.163,81,604
3708462.163,99,587
3708462.172,175,586
3708462.172,199,601
3708462.18,199,665
3708462.18,179,683
3708462.188,106,682
3708462.188,83,667
3708462.222,81,605
3708462.222,97,589
3708462.222,174,589
3708462.222,198,604
3708462.233,199,667
3708462.233,181,683
3708462.234,104,683
3708462.234,83,668
3708462.234,81,605
3708462.234,100,588
3708462.236,173,588
3708462.236,198,603
3708462.244,198,666
3708462.244,180,684
3708462.25,105,684
3708462.25,81,669
3708462.259,80,605
3708462.259,97,588
3708462.268,175,588
3708462.268,198,603
3708462.276,198,667
3708462.276,179,684
3708462.283,104,685
3708462.283,81,672
3708462.292,80,610
3708462.292,99,593
3708462.3,174,595
3708462.3,196,614
3708462.317,199,681
3708462.317,182,700
3708462.319,106,702
3708462.319,82,689
3708462.323,80,625
3708462.323,98,608
3708462.343,176,608
3708462.343,199,623
3708462.343,199,685
3708462.343,182,703
3708462.35,104,703
3708462.35,80,687
3708462.356,79,624
3708462.356,96,607
3708462.363,171,608
3708462.364,197,623
3708462.382,200,686
3708462.382,182,703
3708462.382,105,703
3708462.382,80,689
3708462.387,79,625
3708462.387,99,608
3708462.396,175,607
3708462.396,196,623
3708462.406,198,686
3708462.406,183,703
3708462.411,109,703
3708462.411,84,688
3708462.419,80,624
3708462.419,98,606
3708462.428,174,608
3708462.428,198,623
3708462.438,200,686
3708462.438,182,703
3708462.444,105,704
3708462.444,81,688
3708462.452,81,624
3708462.452,98,606
3708462.471,174,606
3708462.471,199,622
3708462.471,200,685
3708462.471,183,702
3708462.477,107,702
3708462.477,81,686
3708462.486,81,624
3708462.486,99,607
3708462.491,174,609
3708462.491,200,627
3708462.519,201,690
3708462.519,184,708
3708462.532,106,712
3708462.532,81,702
3708462.534,81,640
3708462.534,97,624
3708462.535,178,625
3708462.535,201,641
3708462.536,199,705
3708462.536,180,722
3708462.539,104,721
3708462.539,81,706
3708462.546,81,642
3708462.546,97,624
3708462.556,174,623
3708462.556,198,638
3708462.565,198,702
3708462.565,181,719
3708462.575,102,719
3708462.575,82,705
3708462.579,86,641
3708462.579,105,621
3708462.588,180,622
3708462.588,206,637
3708462.597,208,700
3708462.597,192,718
3708462.603,119,718
3708462.603,96,702
3708462.612,97,638
3708462.612,113,620
3708462.631,188,620
3708462.631,216,635
3708462.631,218,698
3708462.631,202,715
3708462.637,125,715
3708462.637,102,700
3708462.646,98,636
3708462.646,117,618
3708462.652,196,618
3708462.652,220,632
3708462.663,220,695
3708462.663,203,715
3708462.667,128,715
3708462.667,103,699
3708462.696,99,635
3708462.696,117,619
3708462.697,192,620
3708462.697,218,635
3708462.699,221,697
3708462.699,204,715
3708462.7,127,714
3708462.7,102,699
3708462.708,100,634
3708462.708,117,617
3708462.716,194,615
3708462.716,217,630
3708462.725,219,693
3708462.725,202,711
3708462.733,125,711
3708462.733,101,695
3708462.739,99,631
3708462.739,116,614
3708462.749,193,614
3708462.749,218,629
3708462.763,220,692
3708462.763,203,710
3708462.765,125,711
3708462.765,103,696
3708462.772,103,632
3708462.772,122,615
3708462.791,196,614
3708462.791,218,629
3708462.791,217,692
3708462.791,202,710
3708462.797,126,711
3708462.797,101,696
3708462.818,101,632
3708462.818,118,615
3708462.832,194,614
3708462.832,218,630
3708462.834,221,694
3708462.834,202,711
3708462.835,125,711
3708462.835,101,696
3708462.836,102,633
3708462.836,119,615
3708462.845,194,615
3708462.845,218,630
3708462.854,218,694
3708462.854,201,711
3708462.86,125,712
3708462.86,101,697
3708462.869,99,633
3708462.869,117,616
3708462.878,194,616
3708462.878,217,631
3708462.884,219,695
3708462.884,202,711
3708462.891,126,711
3708462.891,102,697
3708462.91,99,634
3708462.91,118,617
3708462.91,195,617
3708462.91,218,633
3708462.915,219,696
3708462.915,201,713
3708462.923,124,714
3708462.923,100,698
3708462.932,101,635
3708462.932,117,617
3708462.94,194,616
3708462.94,217,632
3708462.948,218,694
3708462.948,204,712
3708462.956,127,713
3708462.956,102,700
3708462.964,102,636
3708462.964,119,618
3708462.973,195,619
3708462.973,219,636
3708462.98,220,701
3708462.98,203,719
3708462.988,126,720
3708462.988,101,705
3708463,101,642
3708463,118,624
3708463.004,194,623
3708463.004,220,639
3708463.012,222,702
3708463.012,203,719
3708463.021,125,719
3708463.021,103,704
3708463.029,101,640
3708463.029,119,623
3708463.035,196,623
3708463.035,218,639
3708463.054,219,702
3708463.054,204,718
3708463.054,126,719
3708463.054,100,704
3708463.061,98,640
3708463.061,116,624
3708463.08,193,623
3708463.08,215,638
3708463.08,219,702
3708463.08,201,719
3708463.083,125,719
3708463.083,103,704
3708463.094,101,640
3708463.094,119,623
3708463.118,194,622
3708463.118,219,637
3708463.132,219,701
3708463.132,202,719
3708463.133,127,719
3708463.133,103,704
3708463.134,102,640
3708463.134,118,623
3708463.136,195,626
3708463.136,217,642
3708463.138,219,704
3708463.138,202,725
3708463.147,127,729
3708463.147,103,720
3708463.156,103,661
3708463.156,119,647
3708463.166,195,650
3708463.166,220,671
3708463.177,225,736
3708463.177,208,756
3708463.18,131,759
3708463.18,100,746
3708463.189,94,681
3708463.189,110,665
3708463.206,181,666
3708463.206,196,678
3708463.206,192,741
3708463.206,171,758
3708463.21,90,756
3708463.21,59,738
3708463.22,53,672
3708463.22,65,654
3708463.229,136,654
3708463.229,152,667
3708463.237,145,731
3708463.237,123,749
3708463.244,42,748
3708463.244,12,733
3708463.252,5,669
3708463.252,15,651
3708463.263,87,651
3708463.263,104,667
3708463.267,101,730
3708463.267,79,748
3708463.276,-1,748
3708463.276,-27,733
3708463.283,-28,670
3708463.283,-11,652
3708463.292,66,651
3708463.292,89,666
3708463.298,89,730
3708463.298,73,748
3708463.308,0,748
3708463.309,-27,733
3708463.327,-28,669
3708463.327,-13,650
3708463.327,63,650
3708463.327,89,667
3708463.331,90,731
3708463.331,73,749
3708463.34,-5,748
3708463.34,-27,733
3708463.35,-27,669
3708463.35,-12,652
3708463.356,65,652
3708463.356,89,666
3708463.365,88,730
3708463.365,71,748
3708463.372,-4,749
3708463.372,-29,734
3708463.38,-29,670
3708463.38,-13,652
3708463.385,64,652
3708463.385,90,667
3708463.396,90,730
3708463.396,70,747
3708463.418,-5,748
3708463.418,-29,733
3708463.432,-31,669
3708463.432,-11,653
3708463.433,65,652
3708463.433,89,667
3708463.436,89,731
3708463.436,72,748
3708463.437,-2,748
3708463.437,-29,733
3708463.445,-30,670
3708463.445,-15,653
3708463.462,63,653
3708463.462,89,667
3708463.462,90,730
3708463.462,71,748
3708463.47,-4,748
3708463.47,-27,732
3708463.476,-28,670
3708463.476,-10,651
3708463.484,64,651
3708463.484,87,667
3708463.503,90,731
3708463.503,73,748
3708463.503,-5,747
3708463.503,-27,733
3708463.507,-27,670
3708463.507,-13,653
3708463.526,60,652
3708463.526,82,667
3708463.526,84,731
3708463.526,69,748
3708463.531,-9,749
3708463.531,-33,733
3708463.542,-32,670
3708463.542,-18,652
3708463.546,61,651
3708463.546,86,667
3708463.556,87,730
3708463.556,69,749
3708463.565,-6,749
3708463.565,-30,733
3708463.573,-32,669
3708463.573,-16,653
3708463.58,61,651
3708463.58,86,667
3708463.587,87,730
3708463.587,69,748
3708463.606,-8,747
3708463.606,-30,731
3708463.606,-32,669
3708463.606,-15,652
3708463.611,61,652
3708463.611,83,667
3708463.622,87,731
3708463.622,69,749
3708463.629,-6,749
3708463.629,-31,735
3708463.648,-33,671
3708463.648,-15,653
3708463.648,61,652
3708463.648,85,667
3708463.65,86,730
3708463.65,69,747
3708463.659,-9,748
3708463.659,-34,733
3708463.668,-35,670
3708463.668,-16,652
3708463.677,62,652
3708463.677,84,667
3708463.683,85,731
3708463.683,69,748
3708463.692,-9,748
3708463.692,-32,733
3708463.719,-32,670
3708463.719,-17,652
3708463.732,60,651
3708463.732,85,666
3708463.733,85,730
3708463.733,68,748
3708463.734,-8,749
3708463.734,-33,734
3708463.737,-34,671
3708463.737,-17,655
3708463.74,60,654
3708463.74,84,670
3708463.747,83,733
3708463.747,65,751
3708463.756,-11,752
3708463.756,-35,737
3708463.763,-36,674
3708463.763,-18,657
3708463.782,58,659
3708463.782,84,673
3708463.782,87,738
3708463.782,68,756
3708463.786,-10,754
3708463.786,-33,740
3708463.799,-31,677
3708463.799,-14,661
3708463.805,61,658
3708463.805,85,674
3708463.811,85,738
3708463.811,68,755
3708463.819,-8,755
3708463.819,-31,739
3708463.828,-31,677
3708463.828,-15,660
3708463.836,60,660
3708463.836,85,673
3708463.843,87,738
3708463.843,70,755
3708463.853,-8,754
3708463.853,-31,739
3708463.86,-33,675
3708463.86,-18,657
3708463.869,63,658
3708463.869,85,673
3708463.874,85,736
3708463.874,70,754
3708463.887,-7,754
3708463.887,-30,738
3708463.891,-31,676
3708463.891,-14,658
3708463.9,61,657
3708463.9,87,673
3708463.907,89,738
3708463.907,70,755
3708463.921,-5,754
3708463.921,-29,739
3708463.923,-29,675
3708463.923,-12,658
3708463.932,65,658
3708463.932,88,672
3708463.941,88,735
3708463.941,71,753
3708463.947,-6,754
3708463.947,-30,738
3708463.978,-33,675
3708463.978,-16,657
3708463.98,62,657
3708463.98,83,672
3708463.981,86,735
3708463.981,72,753
3708463.981,-5,752
3708463.981,-30,737
3708463.986,-31,674
3708463.986,-14,655
3708463.995,62,656
3708463.995,88,670
3708464.018,89,734
3708464.018,73,753
3708464.033,-3,752
3708464.033,-28,737
3708464.034,-29,673
3708464.034,-14,656
3708464.034,64,656
3708464.034,88,671
3708464.035,88,735
3708464.035,71,752
3708464.047,-6,751
3708464.047,-31,736
3708464.051,-32,673
3708464.051,-15,656
3708464.059,62,656
3708464.059,87,671
3708464.068,87,734
3708464.068,70,752
3708464.076,-6,752
3708464.076,-32,737
3708464.082,-32,673
3708464.082,-13,655
3708464.091,62,654
3708464.091,85,670
3708464.101,86,733
3708464.101,70,752
3708464.107,-5,752
3708464.107,-29,736
3708464.116,-32,673
3708464.116,-13,656
3708464.126,64,655
3708464.126,88,670
3708464.13,90,733
3708464.13,71,751
3708464.139,-5,751
3708464.139,-28,736
3708464.149,-29,673
3708464.149,-14,655
3708464.167,62,655
3708464.167,86,670
3708464.167,87,734
3708464.167,71,751
3708464.17,-8,752
3708464.17,-33,737
3708464.179,-33,673
3708464.179,-16,656
3708464.188,59,655
3708464.188,82,670
3708464.207,84,734
3708464.207,68,751
3708464.207,-9,752
3708464.207,-32,736
3708464.209,-32,672
3708464.209,-16,656
3708464.219,60,656
3708464.219,85,671
3708464.228,87,735
3708464.228,68,752
3708464.237,-5,752
3708464.237,-32,737
3708464.243,-32,673
3708464.243,-15,656
3708464.252,62,656
3708464.252,85,671
3708464.261,85,733
3708464.261,68,751
3708464.267,-7,751
3708464.267,-32,737
3708464.276,-33,673
3708464.276,-15,656
3708464.284,59,656
3708464.284,85,670
3708464.292,88,734
3708464.292,70,751
3708464.318,-7,752
3708464.318,-31,736
3708464.332,-32,672
3708464.332,-15,655
3708464.333,61,655
3708464.333,85,670
3708464.335,85,734
3708464.335,69,752
3708464.335,-6,752
3708464.335,-30,736
3708464.339,-34,675
3708464.339,-17,657
3708464.348,60,657
3708464.348,84,672
3708464.357,85,735
3708464.357,68,752
3708464.363,-9,752
3708464.363,-33,736
3708464.382,-34,672
3708464.382,-17,656
3708464.382,60,656
3708464.382,84,670
3708464.388,86,734
3708464.388,69,752
3708464.399,-7,752
3708464.399,-30,737
3708464.403,-32,673
3708464.403,-16,655
3708464.412,61,656
3708464.412,85,671
3708464.421,88,734
3708464.421,71,751
3708464.427,-8,751
3708464.427,-32,734
3708464.435,-30,672
3708464.435,-16,654
3708464.454,60,653
3708464.454,84,667
3708464.454,85,729
3708464.454,68,744
3708464.461,-9,742
3708464.461,-32,725
3708464.475,-33,660
3708464.475,-16,641
3708464.478,59,640
3708464.478,83,653
3708464.492,85,716
3708464.492,69,733
3708464.494,-8,732
3708464.494,-32,715
3708464.502,-32,650
3708464.502,-13,631
3708464.508,60,628
3708464.508,80,642
3708464.517,83,704
3708464.517,66,720
3708464.526,-11,718
3708464.526,-39,702
3708464.532,-41,636
3708464.532,-21,616
3708464.541,54,615
3708464.541,79,630
3708464.547,80,693
3708464.547,62,711
3708464.556,-15,711
3708464.556,-39,696
3708464.567,-40,632
3708464.567,-25,615
3708464.571,53,616
3708464.571,77,631
3708464.58,79,694
3708464.58,61,711
3708464.589,-18,712
3708464.589,-39,696
3708464.619,-42,633
3708464.619,-25,617
3708464.619,53,616
3708464.619,78,632
3708464.632,75,696
3708464.632,59,713
3708464.633,-17,712
3708464.633,-40,697
3708464.635,-41,634
3708464.635,-26,617
3708464.638,52,616
3708464.638,76,632
3708464.644,76,695
3708464.644,62,712
3708464.655,-16,712
3708464.655,-41,697
3708464.662,-40,633
3708464.662,-23,616
3708464.667,52,615
3708464.667,77,631
3708464.676,79,693
3708464.676,63,710
3708464.684,-15,711
3708464.684,-41,695
3708464.691,-40,632
3708464.691,-24,615
3708464.7,51,615
3708464.7,75,630
3708464.708,78,693
3708464.708,61,711
3708464.716,-14,711
3708464.716,-39,696
3708464.722,-40,633
3708464.722,-26,616
3708464.732,52,615
3708464.732,76,630
3708464.751,78,693
3708464.751,61,711
3708464.751,-17,712
3708464.751,-41,696
3708464.756,-42,633
3708464.756,-25,615
3708464.765,53,615
3708464.765,78,631
3708464.772,78,694
3708464.772,62,711
3708464.78,-16,712
3708464.78,-40,696
3708464.787,-41,632
3708464.787,-25,615
3708464.795,55,614
3708464.795,78,629
3708464.804,78,693
3708464.804,61,710
3708464.813,-16,710
3708464.813,-40,696
3708464.818,-40,631
3708464.818,-23,613
3708464.828,53,614
3708464.828,77,628
3708464.837,78,692
3708464.837,62,710
3708464.844,-16,710
3708464.844,-40,695
3708464.852,-41,631
3708464.852,-23,613
3708464.871,52,613
3708464.871,76,628
3708464.871,77,691
3708464.871,59,709
3708464.878,-17,709
3708464.878,-41,693
3708464.883,-41,630
3708464.883,-23,612
3708464.893,51,612
3708464.893,76,627
3708464.918,80,691
3708464.918,61,708
3708464.918,-17,709
3708464.918,-40,693
3708464.932,-41,630
3708464.932,-26,613
3708464.933,52,612
3708464.933,76,626
3708464.934,80,691
3708464.934,61,708
3708464.94,-17,707
3708464.94,-41,693
3708464.948,-41,629
3708464.948,-25,612
3708464.957,51,611
3708464.957,76,626
3708464.963,77,690
3708464.963,61,708
3708464.972,-15,708
3708464.972,-39,692
3708464.981,-41,629
3708464.981,-24,612
3708464.987,53,612
3708464.987,76,627
3708464.998,76,689
3708464.998,58,707
3708465.005,-17,707
3708465.005,-40,691
3708465.024,-41,628
3708465.024,-25,612
3708465.024,51,612
3708465.024,76,627
3708465.026,76,691
3708465.026,60,708
3708465.035,-15,708
3708465.035,-39,694
3708465.045,-41,631
3708465.045,-25,613
3708465.064,52,613
3708465.064,77,628
3708465.064,77,691
3708465.064,60,708
3708465.066,-17,708
3708465.067,-40,693
3708465.075,-39,629
3708465.075,-24,611
3708465.084,53,611
3708465.084,77,628
3708465.095,78,691
3708465.095,60,708
3708465.099,-18,708
3708465.099,-41,693
3708465.108,-42,630
3708465.108,-23,612
3708465.117,51,612
3708465.117,72,627
3708465.123,68,691
3708465.123,49,709
3708465.132,-32,709
3708465.132,-60,694
3708465.141,-64,631
3708465.141,-49,614
3708465.15,23,613
3708465.15,43,629
3708465.156,41,692
3708465.156,20,708
3708465.176,-59,708
3708465.176,-88,693
3708465.176,-95,629
3708465.176,-79,612
3708465.18,-4,610
3708465.18,16,624
3708465.189,12,688
3708465.189,-9,705
3708465.196,-88,706
3708465.196,-116,690
3708465.218,-120,626
3708465.218,-106,609
3708465.231,-32,606
3708465.231,-9,620
3708465.233,-12,684
3708465.233,-30,699
3708465.258,-110,698
3708465.258,-135,683
3708465.259,-138,620
3708465.259,-121,601
3708465.263,-47,600
3708465.263,-26,615
3708465.266,-27,677
3708465.266,-45,694
3708465.267,-124,694
3708465.267,-149,680
3708465.268,-149,616
3708465.268,-135,599
3708465.276,-61,599
3708465.276,-37,614
3708465.295,-36,679
3708465.295,-53,695
3708465.295,-129,695
3708465.295,-152,680
3708465.3,-153,616
3708465.3,-135,598
3708465.309,-58,598
3708465.309,-34,614
3708465.316,-34,676
3708465.316,-51,693
3708465.325,-128,693
3708465.325,-153,679
3708465.344,-152,615
3708465.344,-137,598
3708465.344,-59,597
3708465.344,-32,613
3708465.348,-33,677
3708465.348,-50,694
3708465.358,-128,694
3708465.358,-152,679
3708465.364,-152,617
3708465.364,-135,599
3708465.373,-59,599
3708465.373,-33,614
3708465.379,-33,677
3708465.379,-53,694
3708465.388,-127,694
3708465.388,-151,680
3708465.397,-151,617
3708465.397,-131,600
3708465.403,-59,600
3708465.403,-37,614
3708465.412,-34,678
3708465.412,-50,694
3708465.421,-126,694
3708465.421,-149,681
3708465.43,-152,617
3708465.43,-135,600
3708465.435,-58,599
3708465.435,-35,613
3708465.447,-33,677
3708465.447,-51,694
3708465.451,-127,695
3708465.451,-151,680
3708465.46,-152,617
3708465.46,-135,599
3708465.469,-58,598
3708465.469,-34,613
3708465.481,-32,677
3708465.481,-49,694
3708465.484,-125,694
3708465.484,-150,679
3708465.492,-153,615
3708465.492,-134,598
3708465.519,-57,598
3708465.519,-33,613
3708465.532,-32,677
3708465.532,-51,695
3708465.533,-127,695
3708465.533,-150,680
3708465.534,-152,616
3708465.534,-134,600
3708465.537,-58,599
3708465.537,-35,614
3708465.539,-32,677
3708465.539,-49,695
3708465.547,-128,695
3708465.547,-151,680
3708465.556,-151,617
3708465.556,-134,599
3708465.565,-60,599
3708465.565,-32,614
3708465.583,-30,678
3708465.583,-49,695
3708465.583,-126,695
3708465.583,-150,679
3708465.587,-151,616
3708465.587,-132,598
3708465.596,-57,598
3708465.596,-34,613
3708465.606,-33,677
3708465.606,-49,694
3708465.612,-127,695
3708465.612,-150,679
3708465.619,-152,615
3708465.619,-135,600
3708465.628,-58,599
3708465.628,-34,612
3708465.636,-31,676
3708465.636,-48,694
3708465.644,-124,694
3708465.644,-151,680
3708465.653,-151,616
3708465.653,-133,598
3708465.66,-58,598
3708465.66,-36,613
3708465.667,-35,676
3708465.667,-52,694
3708465.675,-128,694
3708465.675,-154,679
3708465.687,-154,615
3708465.687,-134,597
3708465.691,-58,597
3708465.691,-32,614
3708465.699,-32,676
3708465.699,-49,694
3708465.707,-125,695
3708465.707,-149,680
3708465.717,-148,615
3708465.717,-129,597
3708465.723,-55,596
3708465.723,-31,612
3708465.742,-28,676
3708465.742,-43,692
3708465.742,-118,693
3708465.742,-145,678
3708465.749,-147,614
3708465.749,-130,597
3708465.767,-52,597
3708465.767,-29,613
3708465.767,-29,677
3708465.767,-45,694
3708465.77,-121,695
3708465.77,-146,679
3708465.781,-148,614
3708465.781,-130,595
3708465.788,-54,595
3708465.788,-30,608
3708465.797,-29,669
3708465.797,-45,684
3708465.818,-123,682
3708465.818,-148,665
3708465.833,-149,601
3708465.833,-131,583
3708465.834,-55,584
3708465.834,-31,599
3708465.837,-34,662
3708465.837,-52,679
3708465.838,-126,679
3708465.838,-148,664
3708465.844,-147,601
3708465.844,-131,584
3708465.852,-55,584
3708465.852,-31,599
3708465.863,-30,663
3708465.863,-46,680
3708465.866,-122,681
3708465.866,-147,666
3708465.875,-148,602
3708465.875,-131,585
3708465.885,-53,585
3708465.885,-30,599
3708465.904,-29,662
3708465.904,-45,680
3708465.904,-122,681
3708465.904,-146,666
3708465.907,-147,603
3708465.907,-129,586
3708465.916,-53,585
3708465.916,-29,600
3708465.925,-26,663
3708465.925,-44,681
3708465.931,-121,680
3708465.931,-145,665
3708465.939,-147,601
3708465.939,-131,585
3708465.948,-55,585
3708465.948,-29,599
3708465.957,-27,662
3708465.957,-45,681
3708465.963,-120,681
3708465.963,-145,665
3708465.973,-147,601
3708465.973,-130,584
3708465.98,-52,584
3708465.98,-28,598
3708465.989,-27,662
3708465.989,-44,680
3708465.997,-122,680
3708465.997,-147,665
3708466.014,-147,602
3708466.014,-127,584
3708466.014,-47,584
3708466.014,-21,599
3708466.021,-18,662
3708466.021,-31,679
3708466.035,-107,679
3708466.035,-129,665
3708466.037,-130,602
3708466.037,-113,584
3708466.049,-36,584
3708466.049,-14,598
3708466.051,-11,661
3708466.051,-28,678
3708466.064,-104,679
3708466.064,-127,665
3708466.068,-127,600
3708466.068,-110,582
3708466.075,-33,582
3708466.075,-10,597
3708466.084,-8,660
3708466.084,-24,678
3708466.093,-100,679
3708466.093,-125,664
3708466.118,-127,600
3708466.118,-109,582
3708466.133,-33,584
3708466.133,-9,598
3708466.134,-10,661
3708466.134,-25,678
3708466.134,-102,679
3708466.134,-125,663
3708466.137,-126,600
3708466.137,-110,583
3708466.139,-34,583
3708466.139,-10,597
3708466.147,-9,661
3708466.147,-26,679
3708466.156,-103,679
3708466.156,-127,664
3708466.165,-126,600
3708466.165,-110,583
3708466.183,-31,583
3708466.183,-9,598
3708466.183,-8,662
3708466.183,-25,679
3708466.187,-100,679
3708466.187,-126,665
3708466.196,-127,602
3708466.196,-109,584
3708466.207,-32,584
3708466.207,-10,598
3708466.211,-8,662
3708466.211,-24,680
3708466.219,-100,680
3708466.219,-124,664
3708466.227,-126,600
3708466.227,-108,582
3708466.236,-30,582
3708466.236,-6,597
3708466.244,-6,661
3708466.244,-25,679
3708466.253,-100,681
3708466.253,-125,665
3708466.261,-125,601
3708466.261,-108,584
3708466.27,-32,584
3708466.27,-8,599
3708466.277,-5,662
3708466.277,-24,679
3708466.287,-101,680
3708466.287,-124,665
3708466.291,-126,601
3708466.291,-109,584
3708466.299,-34,585
3708466.299,-8,600
3708466.308,-6,663
3708466.308,-24,680
3708466.327,-102,680
3708466.327,-124,665
3708466.327,-121,601
3708466.327,-98,583
3708466.33,-17,584
3708466.33,9,600
3708466.338,16,663
3708466.338,8,680
3708466.347,-63,681
3708466.347,-83,665
3708466.357,-76,602
3708466.357,-52,585
3708466.364,30,584
3708466.364,59,599
3708466.375,64,662
3708466.375,56,679
3708466.381,-16,680
3708466.381,-37,665
3708466.386,-34,601
3708466.386,-14,584
3708466.399,62,583
3708466.399,86,599
3708466.418,87,663
3708466.418,69,680
3708466.432,-5,680
3708466.432,-28,664
3708466.433,-29,601
3708466.433,-13,584
3708466.436,65,584
3708466.436,87,599
3708466.438,87,661
3708466.438,69,678
3708466.446,-7,679
3708466.446,-30,664
3708466.451,-31,601
3708466.451,-15,584
3708466.463,63,584
3708466.463,87,599
3708466.467,86,662
3708466.467,68,680
3708466.476,-8,680
3708466.476,-30,666
3708466.485,-32,602
3708466.485,-16,584
3708466.49,60,584
3708466.49,83,600
3708466.5,84,662
3708466.5,70,680
3708466.507,-6,680
3708466.507,-31,665
3708466.536,-32,601
3708466.536,-14,584
3708466.539,61,584
3708466.539,87,599
3708466.54,87,663
3708466.54,69,680
3708466.541,-6,680
3708466.541,-32,665
3708466.548,-31,602
3708466.548,-13,584
3708466.566,63,584
3708466.566,85,598
3708466.566,85,662
3708466.566,68,680
3708466.57,-7,680
3708466.57,-26,665
3708466.58,-27,601
3708466.58,-10,584
3708466.599,67,584
3708466.599,91,598
3708466.599,92,661
3708466.599,73,680
3708466.604,-3,679
3708466.604,-24,663
3708466.611,-29,601
3708466.611,-12,585
3708466.619,66,585
3708466.619,89,599
3708466.631,90,663
3708466.631,73,680
3708466.637,-4,679
3708466.637,-27,664
3708466.646,-29,600
3708466.646,-13,583
3708466.652,64,584
3708466.652,90,599
3708466.661,90,662
3708466.661,73,679
3708466.667,-3,679
3708466.667,-28,665
3708466.676,-27,601
3708466.676,-11,584
3708466.684,63,583
3708466.684,89,597
3708466.694,89,663
3708466.694,72,679
3708466.719,-3,678
3708466.719,-27,663
3708466.732,-29,600
3708466.732,-13,583
3708466.733,64,583
3708466.733,89,599